{
	"data": [
		{
			"MODEL_NAME": [
				"add"
			],
			"INPUT0": [
				0.74106514,
				0.7371813,
				0.5274665,
				0.13930903
			],
			"INPUT1": [
				0.7845891,
				0.88089234,
				0.8466405,
				0.55024815
			]
		}
	]
}
